<?xml version="1.0" encoding="UTF-8"?>
<project-private xmlns="http://www.netbeans.org/ns/project-private/1">
    <editor-bookmarks xmlns="http://www.netbeans.org/ns/editor-bookmarks/2" lastBookmarkId="0"/>
    <open-files xmlns="http://www.netbeans.org/ns/projectui-open-files/2">
        <group>
            <file>file:/C:/Users/jeffer/Desktop/Agenda%20Final%20Entregar/src/Datos/Escribe.java</file>
            <file>file:/C:/Users/jeffer/Desktop/Agenda%20Final%20Entregar/src/GUI/MisFiltros.java</file>
            <file>file:/C:/Users/jeffer/Desktop/Agenda%20Final%20Entregar/src/Negocios/Lista.java</file>
            <file>file:/C:/Users/jeffer/Desktop/Agenda%20Final%20Entregar/src/GUI/ingresoMaterias.java</file>
            <file>file:/C:/Users/jeffer/Desktop/Agenda%20Final%20Entregar/src/GUI/Seleccion.java</file>
            <file>file:/C:/Users/jeffer/Desktop/Agenda%20Final%20Entregar/src/Datos/Lectura.java</file>
            <file>file:/C:/Users/jeffer/Desktop/Agenda%20Final%20Entregar/src/GUI/editarTarea.java</file>
            <file>file:/C:/Users/jeffer/Desktop/Agenda%20Final%20Entregar/src/Clases/Tareas.java</file>
            <file>file:/C:/Users/jeffer/Desktop/Agenda%20Final%20Entregar/src/GUI/Interfaz.java</file>
            <file>file:/C:/Users/jeffer/Desktop/Agenda%20Final%20Entregar/src/GUI/finalizarTarea.java</file>
            <file>file:/C:/Users/jeffer/Desktop/Agenda%20Final%20Entregar/src/GUI/listarTareas.java</file>
            <file>file:/C:/Users/jeffer/Desktop/Agenda%20Final%20Entregar/src/GUI/listarMaterias.java</file>
            <file>file:/C:/Users/jeffer/Desktop/Agenda%20Final%20Entregar/src/GUI/editarMateria.java</file>
            <file>file:/C:/Users/jeffer/Desktop/Agenda%20Final%20Entregar/src/GUI/Principal.java</file>
            <file>file:/C:/Users/jeffer/Desktop/Agenda%20Final%20Entregar/src/GUI/borrarMateria.java</file>
            <file>file:/C:/Users/jeffer/Desktop/Agenda%20Final%20Entregar/src/GUI/ingresoTareas.java</file>
            <file>file:/C:/Users/jeffer/Desktop/Agenda%20Final%20Entregar/src/Clases/Materia.java</file>
        </group>
    </open-files>
</project-private>
